{"cameraMode":{"drawMode":0,"name":"Shaded","section":"Shading Mode"},"sceneLighting":true,"audioPlay":false,"sceneViewState":{"showFog":true,"showMaterialUpdate":false,"showSkybox":true,"showFlares":true,"showImageEffects":true,"showParticleSystems":true},"in2DMode":false,"pivot":{"x":2948.204345703125,"y":-16.72835922241211,"z":46.8927001953125},"rotation":{"x":-0.064292311668396,"y":0.9129658341407776,"z":-0.1584317833185196,"w":-0.3704853653907776},"size":2.468064069747925,"orthographic":false}